BEGIN TRANSACTION;
CREATE TABLE IF NOT EXISTS addresses (
      id INTEGER PRIMARY KEY AUTOINCREMENT,
      city_id INTEGER NOT NULL,
      descripcion TEXT,
      latitud REAL NOT NULL,
      longitud REAL NOT NULL,
      created_at DATETIME DEFAULT CURRENT_TIMESTAMP,
      FOREIGN KEY (city_id) REFERENCES cities(id) ON DELETE CASCADE
    );
CREATE TABLE IF NOT EXISTS advertisers (
      id INTEGER PRIMARY KEY AUTOINCREMENT,
      nombre TEXT NOT NULL UNIQUE,
      created_at DATETIME DEFAULT CURRENT_TIMESTAMP
    );
CREATE TABLE IF NOT EXISTS brands (
      id INTEGER PRIMARY KEY AUTOINCREMENT,
      nombre TEXT NOT NULL UNIQUE,
      category_id INTEGER NOT NULL,
      advertiser_id INTEGER NOT NULL,
      created_at DATETIME DEFAULT CURRENT_TIMESTAMP,
      FOREIGN KEY (category_id) REFERENCES categories(id),
      FOREIGN KEY (advertiser_id) REFERENCES advertisers(id)
    );
CREATE TABLE IF NOT EXISTS campaigns (
      id INTEGER PRIMARY KEY AUTOINCREMENT,
      nombre TEXT NOT NULL,
      brand_id INTEGER NOT NULL,
      created_at DATETIME DEFAULT CURRENT_TIMESTAMP,
      FOREIGN KEY (brand_id) REFERENCES brands(id) ON DELETE CASCADE,
      UNIQUE(nombre, brand_id)
    );
CREATE TABLE IF NOT EXISTS categories (
      id INTEGER PRIMARY KEY AUTOINCREMENT,
      nombre TEXT NOT NULL UNIQUE,
      created_at DATETIME DEFAULT CURRENT_TIMESTAMP
    );
CREATE TABLE IF NOT EXISTS cities (
      id INTEGER PRIMARY KEY AUTOINCREMENT,
      nombre TEXT NOT NULL UNIQUE,
      region_id INTEGER NOT NULL,
      latitud REAL NOT NULL,
      longitud REAL NOT NULL,
      radio_km REAL NOT NULL,
      created_at DATETIME DEFAULT CURRENT_TIMESTAMP,
      FOREIGN KEY (region_id) REFERENCES regions(id)
    );
CREATE TABLE IF NOT EXISTS images (
      id INTEGER PRIMARY KEY AUTOINCREMENT,
      ooh_record_id TEXT NOT NULL,
      ruta TEXT NOT NULL,
      orden INTEGER DEFAULT 1,
      created_at DATETIME DEFAULT CURRENT_TIMESTAMP,
      FOREIGN KEY (ooh_record_id) REFERENCES ooh_records(id) ON DELETE CASCADE,
      UNIQUE(ooh_record_id, orden)
    );
CREATE TABLE IF NOT EXISTS ooh_records (
      id TEXT PRIMARY KEY,
      brand_id INTEGER NOT NULL,
      campaign_id INTEGER NOT NULL,
      ooh_type_id INTEGER NOT NULL,
      address_id INTEGER NOT NULL,
      provider_id INTEGER NOT NULL,
      fecha_inicio TEXT,
      fecha_final TEXT,
      created_at DATETIME DEFAULT CURRENT_TIMESTAMP,
      updated_at DATETIME DEFAULT CURRENT_TIMESTAMP,
      FOREIGN KEY (brand_id) REFERENCES brands(id),
      FOREIGN KEY (campaign_id) REFERENCES campaigns(id),
      FOREIGN KEY (ooh_type_id) REFERENCES ooh_types(id),
      FOREIGN KEY (address_id) REFERENCES addresses(id),
      FOREIGN KEY (provider_id) REFERENCES providers(id)
    );
CREATE TABLE IF NOT EXISTS ooh_types (
      id INTEGER PRIMARY KEY AUTOINCREMENT,
      nombre TEXT NOT NULL UNIQUE,
      created_at DATETIME DEFAULT CURRENT_TIMESTAMP
    );
CREATE TABLE IF NOT EXISTS providers (
      id INTEGER PRIMARY KEY AUTOINCREMENT,
      nombre TEXT NOT NULL UNIQUE,
      created_at DATETIME DEFAULT CURRENT_TIMESTAMP
    );
CREATE TABLE IF NOT EXISTS regions (
      id INTEGER PRIMARY KEY AUTOINCREMENT,
      nombre TEXT NOT NULL UNIQUE,
      created_at DATETIME DEFAULT CURRENT_TIMESTAMP
    );
INSERT INTO "addresses" ("id","city_id","descripcion","latitud","longitud","created_at") VALUES (1769787249049,4,'DIR 1',4.711,-74.0721,'2026-01-30 15:34:09'),
 (1769787525074,4,'CARRERA 7 #100-50',4.711,-74.0721,'2026-01-30 15:38:45'),
 (1769787525229,15,'CARRERA 49 #52-30',6.2442,-75.5812,'2026-01-30 15:38:45'),
 (1769787525465,6,'AVENIDA 5 NORTE #23-50',3.4516,-76.532,'2026-01-30 15:38:45'),
 (1769787666973,4,'CARRERA 7 #100',4.711,-74.0721,'2026-01-30 15:41:06'),
 (1769787667422,15,'CARRERA 49 #50',6.2442,-75.5812,'2026-01-30 15:41:07'),
 (1769787667717,7,'CENTRO HISTÓRICO',10.391,-75.5136,'2026-01-30 15:41:07'),
 (1769789934421,4,'CALLE 100 #15',4.685,-74.054,'2026-01-30 16:18:54'),
 (1769789934509,15,'AV. POBLADO',6.2088,-75.5683,'2026-01-30 16:18:54'),
 (1769791150887,13,'TEST DIR #1 - CALLE 778',4.676234,-74.469968,'2026-01-30 16:39:10'),
 (1769791151089,29,'TEST DIR #2 - CALLE 325',10.502362,-73.177032,'2026-01-30 16:39:11'),
 (1769791682696,5151,'CARRERA 7 #100-50',4.711,-74.0721,'2026-01-30 16:48:02'),
 (1769791683721,5151,'DIR 1',4.711,-74.0721,'2026-01-30 16:48:03'),
 (1769791684226,5151,'CARRERA 7 #100',4.711,-74.0721,'2026-01-30 16:48:04'),
 (1769791684373,5172,'CENTRO HISTÓRICO',10.391,-75.5136,'2026-01-30 16:48:04'),
 (1769791916662,5172,'TEST ADDRESS #1000',10.282037,-75.373768,'2026-01-30 16:51:56'),
 (1769791916718,29,'TEST ADDRESS #1100',10.563365,-73.243898,'2026-01-30 16:51:56'),
 (1769791916774,6,'TEST ADDRESS #1200',3.267429,-76.568905,'2026-01-30 16:51:56'),
 (1769791916832,26,'TEST ADDRESS #1300',5.71957,-72.935032,'2026-01-30 16:51:56'),
 (1769791916877,24,'TEST ADDRESS #1400',9.328138,-75.452373,'2026-01-30 16:51:56'),
 (1769791926461,4,'CALLE 100 #15-20 (ACTUALIZADO)',4.685,-74.054,'2026-01-30 16:52:06'),
 (1769791926520,15,'AVENIDA EL POBLADO #10-50',6.2088,-75.5683,'2026-01-30 16:52:06'),
 (1769791933574,3,'TEST ADDRESS #1000',6.33883,-75.554042,'2026-01-30 16:52:13'),
 (1769791933604,18,'TEST ADDRESS #1100',2.96322,-75.296943,'2026-01-30 16:52:13'),
 (1769791933633,9,'TEST ADDRESS #1200',7.994281,-72.506365,'2026-01-30 16:52:13'),
 (1769791933658,10,'TEST ADDRESS #1300',5.876963,-72.992591,'2026-01-30 16:52:13'),
 (1769791933683,12,'TEST ADDRESS #1400',6.186009,-75.606378,'2026-01-30 16:52:13');
INSERT INTO "advertisers" ("id","nombre","created_at") VALUES (1,'ABI','2026-01-29 04:16:10'),
 (2,'ABInBEV','2026-01-29 04:16:10'),
 (3,'BAVARIA','2026-01-29 04:16:10');
INSERT INTO "brands" ("id","nombre","category_id","advertiser_id","created_at") VALUES (1,'AGUILA',1,1,'2026-01-29 04:16:10'),
 (2,'BBC',1,1,'2026-01-29 04:16:10'),
 (3,'CLUB COLOMBIA',1,1,'2026-01-29 04:16:10'),
 (4,'CORONA',1,2,'2026-01-29 04:16:10'),
 (5,'MICHELOB',1,2,'2026-01-29 04:16:10'),
 (6,'PILSEN',1,1,'2026-01-29 04:16:10'),
 (7,'POKER',1,1,'2026-01-29 04:16:10'),
 (8,'PONY MALTA',2,1,'2026-01-29 04:16:10'),
 (9,'STELLA ARTOIS',1,2,'2026-01-29 04:16:10'),
 (10,'CFC',1,3,'2026-01-29 04:16:10'),
 (13,'CBM',1,1,'2026-01-29 04:16:19');
INSERT INTO "campaigns" ("id","nombre","brand_id","created_at") VALUES (1,'127',1,'2026-01-29 04:16:10'),
 (2,'FRANCHISE',1,'2026-01-29 04:16:10'),
 (3,'100 YEARS',4,'2026-01-29 04:16:10'),
 (4,'2 BOT FRIAS',1,'2026-01-29 04:16:10'),
 (5,'20 JULIO',3,'2026-01-29 04:16:10'),
 (6,'AGUILA IMPERIAL',1,'2026-01-29 04:16:10'),
 (7,'AON 100 YEARS',4,'2026-01-29 04:16:10'),
 (8,'AON ENERGIA NUTRITIVA',8,'2026-01-29 04:16:10'),
 (9,'AON NATURAL',4,'2026-01-29 04:16:10'),
 (10,'BACANA',3,'2026-01-29 04:16:10'),
 (11,'BEER',4,'2026-01-29 04:16:10'),
 (12,'BIG PROMO',1,'2026-01-29 04:16:10'),
 (13,'COPA AMERICA',8,'2026-01-29 04:16:10'),
 (14,'CORDILLERA',3,'2026-01-29 04:16:10'),
 (15,'CRAVING CAPS',8,'2026-01-29 04:16:10'),
 (16,'ENERGIA NUTRITIVA',8,'2026-01-29 04:16:10'),
 (17,'ENERGÍA NUTRITIVA',8,'2026-01-29 04:16:10'),
 (18,'EQUITY',8,'2026-01-29 04:16:10'),
 (19,'FERIA DE FLORES',6,'2026-01-29 04:16:10'),
 (20,'FERIAS Y FIESTAS',1,'2026-01-29 04:16:10'),
 (21,'FIESTAS DEL MAR',1,'2026-01-29 04:16:10'),
 (22,'LIGHT',1,'2026-01-29 04:16:10'),
 (23,'LIGHT BEER',5,'2026-01-29 04:16:10'),
 (24,'LIGHT PREMIUM',1,'2026-01-29 04:16:10'),
 (25,'LIDER CERVEZAS',6,'2026-01-29 04:16:10'),
 (26,'MADRID',2,'2026-01-29 04:16:10'),
 (27,'MICHELOB ULTRA',5,'2026-01-29 04:16:10'),
 (28,'NATURAL',4,'2026-01-29 04:16:10'),
 (29,'NUTRICION',8,'2026-01-29 04:16:10'),
 (30,'ORIGINAL',9,'2026-01-29 04:16:10'),
 (31,'PONY LECHE CALIENTE',8,'2026-01-29 04:16:10'),
 (32,'POKER NEGRA',7,'2026-01-29 04:16:10'),
 (33,'POKER PREMIUM',7,'2026-01-29 04:16:10'),
 (34,'PREMIUM',6,'2026-01-29 04:16:10'),
 (35,'REBAJADA',6,'2026-01-29 04:16:10'),
 (36,'ROJA',7,'2026-01-29 04:16:10'),
 (37,'SALUD Y VIDA',8,'2026-01-29 04:16:10'),
 (38,'STELLA BOTELLA',9,'2026-01-29 04:16:10'),
 (39,'STELLA IMPERIAL',9,'2026-01-29 04:16:10'),
 (40,'SUPER PREMIUM',9,'2026-01-29 04:16:10'),
 (41,'THE ORIGINAL',9,'2026-01-29 04:16:10'),
 (42,'TONALIDAD OSCURA',3,'2026-01-29 04:16:10'),
 (43,'TOP SELLER',10,'2026-01-29 04:16:10'),
 (44,'TRADICIONAL',6,'2026-01-29 04:16:10'),
 (45,'VENTA MASIVA',3,'2026-01-29 04:16:10'),
 (46,'VER FUTBOL',1,'2026-01-29 04:16:10'),
 (47,'VIRADA PREMIUM',6,'2026-01-29 04:16:10'),
 (48,'WORLD CLASS',2,'2026-01-29 04:16:10'),
 (140,'TEST SUMMER 2026',4,'2026-01-30 15:08:59'),
 (141,'VERANO 2026',6,'2026-01-30 15:08:59'),
 (199,'127',6,'2026-01-30 15:38:45'),
 (215,'100 YEARS',6,'2026-01-30 15:41:07'),
 (261,'TEST SUMMER 2026',6,'2026-01-30 16:18:54'),
 (328,'127',13,'2026-01-30 16:51:56');
INSERT INTO "categories" ("id","nombre","created_at") VALUES (1,'CERVEZAS','2026-01-29 04:16:10'),
 (2,'NABS','2026-01-29 04:16:10');
INSERT INTO "cities" ("id","nombre","region_id","latitud","longitud","radio_km","created_at") VALUES (1,'ARMENIA',3,4.5339,-75.6811,12.0,'2026-01-29 04:16:10'),
 (2,'BARRANQUILLA',1,10.9685,-74.7813,25.0,'2026-01-29 04:16:10'),
 (3,'BELLO',3,6.337,-75.5547,10.0,'2026-01-29 04:16:10'),
 (4,'BOGOTA DC',2,4.711,-74.0721,45.0,'2026-01-29 04:16:10'),
 (5,'BUCARAMANGA',1,7.1254,-73.1198,20.0,'2026-01-29 04:16:10'),
 (6,'CALI',4,3.4516,-76.532,30.0,'2026-01-29 04:16:10'),
 (7,'CARTAGENA DE INDIAS',1,10.391,-75.4794,20.0,'2026-01-29 04:16:10'),
 (8,'CORDOBA',1,8.7479,-75.8195,15.0,'2026-01-29 04:16:10'),
 (9,'CUCUTA',1,7.8939,-72.5078,18.0,'2026-01-29 04:16:10'),
 (10,'DUITAMA',2,5.8267,-73.0338,8.0,'2026-01-29 04:16:10'),
 (11,'IBAGUE',3,4.4389,-75.2322,15.0,'2026-01-29 04:16:10'),
 (12,'ITAGUI',3,6.1849,-75.5994,10.0,'2026-01-29 04:16:10'),
 (13,'LA MESA',2,4.6333,-74.4667,8.0,'2026-01-29 04:16:10'),
 (14,'MANIZALES',3,5.0703,-75.5138,15.0,'2026-01-29 04:16:10'),
 (15,'MEDELLIN',3,6.2476,-75.5658,35.0,'2026-01-29 04:16:10'),
 (17,'MOSQUERA',2,4.7061,-74.2303,10.0,'2026-01-29 04:16:10'),
 (18,'NEIVA',4,2.9273,-75.2819,15.0,'2026-01-29 04:16:10'),
 (19,'PEREIRA',3,4.8087,-75.6906,15.0,'2026-01-29 04:16:10'),
 (20,'POPAYAN',4,2.4419,-76.6063,12.0,'2026-01-29 04:16:10'),
 (21,'ROVIRA',3,5.1019,-75.0289,8.0,'2026-01-29 04:16:10'),
 (22,'SANTA MARTA',1,11.2404,-74.211,18.0,'2026-01-29 04:16:10'),
 (23,'SESQUILE',2,5.055,-73.7878,6.0,'2026-01-29 04:16:10'),
 (24,'SINCELEJO',1,9.3047,-75.3978,12.0,'2026-01-29 04:16:10'),
 (25,'SOACHA',2,4.5793,-74.2167,12.0,'2026-01-29 04:16:10'),
 (26,'SOGAMOSO',2,5.7167,-72.9343,10.0,'2026-01-29 04:16:10'),
 (27,'TULUA',4,4.0892,-76.1953,10.0,'2026-01-29 04:16:10'),
 (28,'TUNJA',2,5.5353,-73.3678,12.0,'2026-01-29 04:16:10'),
 (29,'VALLEDUPAR',1,10.4631,-73.2532,18.0,'2026-01-29 04:16:10'),
 (30,'VILLAVICENCIO',2,4.142,-73.6266,20.0,'2026-01-29 04:16:10'),
 (31,'VITERBO',3,5.0667,-75.8833,6.0,'2026-01-29 04:16:10'),
 (32,'ZIPAQUIRA',2,5.0214,-73.9967,10.0,'2026-01-29 04:16:10'),
 (59,'MONTERIA',1,8.7479,-75.8814,20.0,'2026-01-29 04:16:19'),
 (5151,'BOGOTA',1,4.711,-74.0721,45.0,'2026-01-30 15:52:31'),
 (5172,'CARTAGENA',1,10.391,-75.5136,22.0,'2026-01-30 15:52:31');
INSERT INTO "images" ("id","ooh_record_id","ruta","orden","created_at") VALUES (1,'0b34f69f-0e4d-4ae5-a520-64e30a317ce5','C:\Users\migduran\Documents\nuevo ooh\backend\local-images\CORONA\0b34f69f-0e4d-4ae5-a520-64e30a317ce5_0ba1dda1b72a37ce00f89edb426614b3.jpg',1,'2026-01-30 15:34:09'),
 (2,'0b34f69f-0e4d-4ae5-a520-64e30a317ce5','C:\Users\migduran\Documents\nuevo ooh\backend\local-images\CORONA\0b34f69f-0e4d-4ae5-a520-64e30a317ce5_09c12ce6fc1899949a86af25e7e73e7f.jpg',2,'2026-01-30 15:34:09'),
 (3,'0b34f69f-0e4d-4ae5-a520-64e30a317ce5','C:\Users\migduran\Documents\nuevo ooh\backend\local-images\CORONA\0b34f69f-0e4d-4ae5-a520-64e30a317ce5_c221bc673b50f86fb5c18e5b86f30de3.jpg',3,'2026-01-30 15:34:09'),
 (4,'64e07d28-0929-4ade-a740-7c37b97cf5d4','C:\Users\migduran\Documents\nuevo ooh\backend\local-images\CORONA\64e07d28-0929-4ade-a740-7c37b97cf5d4_0ba1dda1b72a37ce00f89edb426614b3.jpg',1,'2026-01-30 15:34:23'),
 (5,'64e07d28-0929-4ade-a740-7c37b97cf5d4','C:\Users\migduran\Documents\nuevo ooh\backend\local-images\CORONA\64e07d28-0929-4ade-a740-7c37b97cf5d4_09c12ce6fc1899949a86af25e7e73e7f.jpg',2,'2026-01-30 15:34:23'),
 (6,'64e07d28-0929-4ade-a740-7c37b97cf5d4','C:\Users\migduran\Documents\nuevo ooh\backend\local-images\CORONA\64e07d28-0929-4ade-a740-7c37b97cf5d4_c221bc673b50f86fb5c18e5b86f30de3.jpg',3,'2026-01-30 15:34:23'),
 (10,'b034227c-9b90-4b6c-880c-9bc513bcf169','C:\Users\migduran\Documents\nuevo ooh\backend\local-images\CORONA\b034227c-9b90-4b6c-880c-9bc513bcf169_0ba1dda1b72a37ce00f89edb426614b3.jpg',1,'2026-01-30 15:35:08'),
 (11,'b034227c-9b90-4b6c-880c-9bc513bcf169','C:\Users\migduran\Documents\nuevo ooh\backend\local-images\CORONA\b034227c-9b90-4b6c-880c-9bc513bcf169_3668587932ff6a126e8d91f57f7386ac.jpg',2,'2026-01-30 15:35:08'),
 (12,'b034227c-9b90-4b6c-880c-9bc513bcf169','C:\Users\migduran\Documents\nuevo ooh\backend\local-images\CORONA\b034227c-9b90-4b6c-880c-9bc513bcf169_c221bc673b50f86fb5c18e5b86f30de3.jpg',3,'2026-01-30 15:35:08'),
 (16,'842bfe69-2f2a-415e-8d0c-632408da4811','C:\Users\migduran\Documents\nuevo ooh\backend\local-images\CORONA\842bfe69-2f2a-415e-8d0c-632408da4811_0ba1dda1b72a37ce00f89edb426614b3.jpg',1,'2026-01-30 15:35:51'),
 (17,'842bfe69-2f2a-415e-8d0c-632408da4811','C:\Users\migduran\Documents\nuevo ooh\backend\local-images\CORONA\842bfe69-2f2a-415e-8d0c-632408da4811_3668587932ff6a126e8d91f57f7386ac.jpg',2,'2026-01-30 15:35:51'),
 (18,'842bfe69-2f2a-415e-8d0c-632408da4811','C:\Users\migduran\Documents\nuevo ooh\backend\local-images\CORONA\842bfe69-2f2a-415e-8d0c-632408da4811_c221bc673b50f86fb5c18e5b86f30de3.jpg',3,'2026-01-30 15:35:51'),
 (19,'9b04cdf8-3fc2-4936-bfa4-d8f78570b22d','C:\Users\migduran\Documents\nuevo ooh\backend\local-images\CORONA\9b04cdf8-3fc2-4936-bfa4-d8f78570b22d_d3d2e8184ad53e32fd4d3c22508f47f6.jpg',1,'2026-01-30 15:38:45'),
 (20,'9b04cdf8-3fc2-4936-bfa4-d8f78570b22d','C:\Users\migduran\Documents\nuevo ooh\backend\local-images\CORONA\9b04cdf8-3fc2-4936-bfa4-d8f78570b22d_a4c23ad06956c23c7ebefb245e43ad4c.jpg',2,'2026-01-30 15:38:45'),
 (21,'9b04cdf8-3fc2-4936-bfa4-d8f78570b22d','C:\Users\migduran\Documents\nuevo ooh\backend\local-images\CORONA\9b04cdf8-3fc2-4936-bfa4-d8f78570b22d_57a36a60d6bf473e962b276377d56cd4.jpg',3,'2026-01-30 15:38:45'),
 (22,'76b965c9-a53d-486c-96a4-5875461c99bb','C:\Users\migduran\Documents\nuevo ooh\backend\local-images\PILSEN\76b965c9-a53d-486c-96a4-5875461c99bb_8b03a25a1737571c4229ff25c856977a.jpg',1,'2026-01-30 15:38:45'),
 (23,'76b965c9-a53d-486c-96a4-5875461c99bb','C:\Users\migduran\Documents\nuevo ooh\backend\local-images\PILSEN\76b965c9-a53d-486c-96a4-5875461c99bb_8e3f571518efd810270b50ebab622a19.jpg',2,'2026-01-30 15:38:45'),
 (24,'76b965c9-a53d-486c-96a4-5875461c99bb','C:\Users\migduran\Documents\nuevo ooh\backend\local-images\PILSEN\76b965c9-a53d-486c-96a4-5875461c99bb_b83642ac21bd18f7193bf33352fdd1cd.jpg',3,'2026-01-30 15:38:45'),
 (25,'12656e35-f28c-4783-a77b-73bfeaec0703','C:\Users\migduran\Documents\nuevo ooh\backend\local-images\AGUILA\12656e35-f28c-4783-a77b-73bfeaec0703_e60f9ede7e37b2e6e03214cc3a996a3a.jpg',1,'2026-01-30 15:38:45'),
 (26,'12656e35-f28c-4783-a77b-73bfeaec0703','C:\Users\migduran\Documents\nuevo ooh\backend\local-images\AGUILA\12656e35-f28c-4783-a77b-73bfeaec0703_6bb929fbb2ae1c7d58109c45a05128b8.jpg',2,'2026-01-30 15:38:45'),
 (27,'12656e35-f28c-4783-a77b-73bfeaec0703','C:\Users\migduran\Documents\nuevo ooh\backend\local-images\AGUILA\12656e35-f28c-4783-a77b-73bfeaec0703_6ecb9637303bea551322436e5c2c0ee0.jpg',3,'2026-01-30 15:38:45'),
 (28,'ad2a7b42-0bf5-41bc-a53d-ba1becc81017','C:\Users\migduran\Documents\nuevo ooh\backend\local-images\CORONA\ad2a7b42-0bf5-41bc-a53d-ba1becc81017_d3d2e8184ad53e32fd4d3c22508f47f6.jpg',1,'2026-01-30 15:39:02'),
 (29,'ad2a7b42-0bf5-41bc-a53d-ba1becc81017','C:\Users\migduran\Documents\nuevo ooh\backend\local-images\CORONA\ad2a7b42-0bf5-41bc-a53d-ba1becc81017_a4c23ad06956c23c7ebefb245e43ad4c.jpg',2,'2026-01-30 15:39:02'),
 (30,'ad2a7b42-0bf5-41bc-a53d-ba1becc81017','C:\Users\migduran\Documents\nuevo ooh\backend\local-images\CORONA\ad2a7b42-0bf5-41bc-a53d-ba1becc81017_57a36a60d6bf473e962b276377d56cd4.jpg',3,'2026-01-30 15:39:02'),
 (31,'aa93b4bd-b4ea-4d5f-963c-64faa0af018c','C:\Users\migduran\Documents\nuevo ooh\backend\local-images\PILSEN\aa93b4bd-b4ea-4d5f-963c-64faa0af018c_8b03a25a1737571c4229ff25c856977a.jpg',1,'2026-01-30 15:39:02'),
 (32,'aa93b4bd-b4ea-4d5f-963c-64faa0af018c','C:\Users\migduran\Documents\nuevo ooh\backend\local-images\PILSEN\aa93b4bd-b4ea-4d5f-963c-64faa0af018c_8e3f571518efd810270b50ebab622a19.jpg',2,'2026-01-30 15:39:02'),
 (33,'aa93b4bd-b4ea-4d5f-963c-64faa0af018c','C:\Users\migduran\Documents\nuevo ooh\backend\local-images\PILSEN\aa93b4bd-b4ea-4d5f-963c-64faa0af018c_b83642ac21bd18f7193bf33352fdd1cd.jpg',3,'2026-01-30 15:39:02'),
 (34,'35b546c6-e2ea-4d64-a7ca-9c22504b6731','C:\Users\migduran\Documents\nuevo ooh\backend\local-images\AGUILA\35b546c6-e2ea-4d64-a7ca-9c22504b6731_e60f9ede7e37b2e6e03214cc3a996a3a.jpg',1,'2026-01-30 15:39:02'),
 (35,'35b546c6-e2ea-4d64-a7ca-9c22504b6731','C:\Users\migduran\Documents\nuevo ooh\backend\local-images\AGUILA\35b546c6-e2ea-4d64-a7ca-9c22504b6731_6bb929fbb2ae1c7d58109c45a05128b8.jpg',2,'2026-01-30 15:39:02'),
 (36,'35b546c6-e2ea-4d64-a7ca-9c22504b6731','C:\Users\migduran\Documents\nuevo ooh\backend\local-images\AGUILA\35b546c6-e2ea-4d64-a7ca-9c22504b6731_6ecb9637303bea551322436e5c2c0ee0.jpg',3,'2026-01-30 15:39:02'),
 (37,'cc383414-8dc6-497a-8003-e7af7ae5e956','C:\Users\migduran\Documents\nuevo ooh\backend\local-images\CORONA\cc383414-8dc6-497a-8003-e7af7ae5e956_0fdb0e9e28c39442824d26d752c359ea.jpg',1,'2026-01-30 15:41:06'),
 (38,'cc383414-8dc6-497a-8003-e7af7ae5e956','C:\Users\migduran\Documents\nuevo ooh\backend\local-images\CORONA\cc383414-8dc6-497a-8003-e7af7ae5e956_c7c69750cd286146e4e2f3ad39cf4e0e.jpg',2,'2026-01-30 15:41:06'),
 (39,'cc383414-8dc6-497a-8003-e7af7ae5e956','C:\Users\migduran\Documents\nuevo ooh\backend\local-images\CORONA\cc383414-8dc6-497a-8003-e7af7ae5e956_41b60d164ee56a07becdc7f2565a0053.jpg',3,'2026-01-30 15:41:06'),
 (40,'e8f0e506-b2e8-4165-be1a-66eed6c892c1','C:\Users\migduran\Documents\nuevo ooh\backend\local-images\PILSEN\e8f0e506-b2e8-4165-be1a-66eed6c892c1_0fdb0e9e28c39442824d26d752c359ea.jpg',1,'2026-01-30 15:41:07'),
 (41,'e8f0e506-b2e8-4165-be1a-66eed6c892c1','C:\Users\migduran\Documents\nuevo ooh\backend\local-images\PILSEN\e8f0e506-b2e8-4165-be1a-66eed6c892c1_c7c69750cd286146e4e2f3ad39cf4e0e.jpg',2,'2026-01-30 15:41:07'),
 (42,'e8f0e506-b2e8-4165-be1a-66eed6c892c1','C:\Users\migduran\Documents\nuevo ooh\backend\local-images\PILSEN\e8f0e506-b2e8-4165-be1a-66eed6c892c1_41b60d164ee56a07becdc7f2565a0053.jpg',3,'2026-01-30 15:41:07'),
 (43,'193bdb6b-92c6-4273-9b74-9bda4cfdb450','C:\Users\migduran\Documents\nuevo ooh\backend\local-images\CORONA\193bdb6b-92c6-4273-9b74-9bda4cfdb450_0fdb0e9e28c39442824d26d752c359ea.jpg',1,'2026-01-30 15:41:07'),
 (44,'193bdb6b-92c6-4273-9b74-9bda4cfdb450','C:\Users\migduran\Documents\nuevo ooh\backend\local-images\CORONA\193bdb6b-92c6-4273-9b74-9bda4cfdb450_c7c69750cd286146e4e2f3ad39cf4e0e.jpg',2,'2026-01-30 15:41:07'),
 (45,'193bdb6b-92c6-4273-9b74-9bda4cfdb450','C:\Users\migduran\Documents\nuevo ooh\backend\local-images\CORONA\193bdb6b-92c6-4273-9b74-9bda4cfdb450_41b60d164ee56a07becdc7f2565a0053.jpg',3,'2026-01-30 15:41:07'),
 (46,'38eb7524-6d41-4836-b40f-aa6b79deb3fa','C:\Users\migduran\Documents\nuevo ooh\backend\local-images\CORONA\38eb7524-6d41-4836-b40f-aa6b79deb3fa_0fdb0e9e28c39442824d26d752c359ea.jpg',1,'2026-01-30 15:41:35'),
 (47,'38eb7524-6d41-4836-b40f-aa6b79deb3fa','C:\Users\migduran\Documents\nuevo ooh\backend\local-images\CORONA\38eb7524-6d41-4836-b40f-aa6b79deb3fa_c7c69750cd286146e4e2f3ad39cf4e0e.jpg',2,'2026-01-30 15:41:35'),
 (48,'38eb7524-6d41-4836-b40f-aa6b79deb3fa','C:\Users\migduran\Documents\nuevo ooh\backend\local-images\CORONA\38eb7524-6d41-4836-b40f-aa6b79deb3fa_41b60d164ee56a07becdc7f2565a0053.jpg',3,'2026-01-30 15:41:35'),
 (49,'7827bd80-a1bd-4cee-bfa7-fa53cbaa7971','C:\Users\migduran\Documents\nuevo ooh\backend\local-images\PILSEN\7827bd80-a1bd-4cee-bfa7-fa53cbaa7971_0fdb0e9e28c39442824d26d752c359ea.jpg',1,'2026-01-30 15:41:35'),
 (50,'7827bd80-a1bd-4cee-bfa7-fa53cbaa7971','C:\Users\migduran\Documents\nuevo ooh\backend\local-images\PILSEN\7827bd80-a1bd-4cee-bfa7-fa53cbaa7971_c7c69750cd286146e4e2f3ad39cf4e0e.jpg',2,'2026-01-30 15:41:35'),
 (51,'7827bd80-a1bd-4cee-bfa7-fa53cbaa7971','C:\Users\migduran\Documents\nuevo ooh\backend\local-images\PILSEN\7827bd80-a1bd-4cee-bfa7-fa53cbaa7971_41b60d164ee56a07becdc7f2565a0053.jpg',3,'2026-01-30 15:41:35'),
 (52,'39bbf162-662b-4db4-8b8c-5d4ca4e24056','C:\Users\migduran\Documents\nuevo ooh\backend\local-images\CORONA\39bbf162-662b-4db4-8b8c-5d4ca4e24056_0fdb0e9e28c39442824d26d752c359ea.jpg',1,'2026-01-30 15:41:36'),
 (53,'39bbf162-662b-4db4-8b8c-5d4ca4e24056','C:\Users\migduran\Documents\nuevo ooh\backend\local-images\CORONA\39bbf162-662b-4db4-8b8c-5d4ca4e24056_c7c69750cd286146e4e2f3ad39cf4e0e.jpg',2,'2026-01-30 15:41:36'),
 (54,'39bbf162-662b-4db4-8b8c-5d4ca4e24056','C:\Users\migduran\Documents\nuevo ooh\backend\local-images\CORONA\39bbf162-662b-4db4-8b8c-5d4ca4e24056_41b60d164ee56a07becdc7f2565a0053.jpg',3,'2026-01-30 15:41:36'),
 (55,'0cde3b6c-6b70-4f81-8a57-2b9c9d5ecddb','C:\Users\migduran\Documents\nuevo ooh\backend\local-images\CORONA\0cde3b6c-6b70-4f81-8a57-2b9c9d5ecddb_4f8c19ed463384351b88692b1788867f.svg',1,'2026-01-30 16:18:54'),
 (56,'0cde3b6c-6b70-4f81-8a57-2b9c9d5ecddb','C:\Users\migduran\Documents\nuevo ooh\backend\local-images\CORONA\0cde3b6c-6b70-4f81-8a57-2b9c9d5ecddb_02f9194c18ef1cf8b4f4f0d9b661ff53.svg',2,'2026-01-30 16:18:54'),
 (57,'2edad4d9-d3f7-431a-9a1e-c386550f9ccf','C:\Users\migduran\Documents\nuevo ooh\backend\local-images\PILSEN\2edad4d9-d3f7-431a-9a1e-c386550f9ccf_e35dc43eb2ca803d01fc77580881b6f1.svg',1,'2026-01-30 16:18:54'),
 (58,'2edad4d9-d3f7-431a-9a1e-c386550f9ccf','C:\Users\migduran\Documents\nuevo ooh\backend\local-images\PILSEN\2edad4d9-d3f7-431a-9a1e-c386550f9ccf_db92f89aaf286b315f3a75eb783f2d7e.svg',2,'2026-01-30 16:18:54'),
 (59,'2edad4d9-d3f7-431a-9a1e-c386550f9ccf','C:\Users\migduran\Documents\nuevo ooh\backend\local-images\PILSEN\2edad4d9-d3f7-431a-9a1e-c386550f9ccf_da4a008bf91a4b2c5d03111799f17d7a.svg',3,'2026-01-30 16:18:54'),
 (60,'2b46b115-6009-42a7-a8ce-afae25987cb0','C:\Users\migduran\Documents\nuevo ooh\backend\local-images\STELLA_ARTOIS\2b46b115-6009-42a7-a8ce-afae25987cb0_3aaf9821ccaa1e05f0f7d46a54c20116.svg',1,'2026-01-30 16:39:10'),
 (61,'2b46b115-6009-42a7-a8ce-afae25987cb0','C:\Users\migduran\Documents\nuevo ooh\backend\local-images\STELLA_ARTOIS\2b46b115-6009-42a7-a8ce-afae25987cb0_d6a4628bb5de9baee2f4e6fd55fe1b66.svg',2,'2026-01-30 16:39:10'),
 (62,'73afefed-1b30-4ce5-8e99-be8a30a3a59d','C:\Users\migduran\Documents\nuevo ooh\backend\local-images\PONY_MALTA\73afefed-1b30-4ce5-8e99-be8a30a3a59d_01f3b4eea965328806eb472032e9bd8f.svg',1,'2026-01-30 16:39:11'),
 (63,'73afefed-1b30-4ce5-8e99-be8a30a3a59d','C:\Users\migduran\Documents\nuevo ooh\backend\local-images\PONY_MALTA\73afefed-1b30-4ce5-8e99-be8a30a3a59d_06d219c7819b84ccd8b299097b526aed.svg',2,'2026-01-30 16:39:11'),
 (64,'73afefed-1b30-4ce5-8e99-be8a30a3a59d','C:\Users\migduran\Documents\nuevo ooh\backend\local-images\PONY_MALTA\73afefed-1b30-4ce5-8e99-be8a30a3a59d_39201c0824168434aad1778aec36f242.svg',3,'2026-01-30 16:39:11'),
 (65,'eb97373c-0e4f-460d-b6d2-66883abcd2ab','C:\Users\migduran\Documents\nuevo ooh\backend\local-images\STELLA_ARTOIS\eb97373c-0e4f-460d-b6d2-66883abcd2ab_9008d8c2b9e438f761e23bfe42db2ce7.svg',1,'2026-01-30 16:39:11'),
 (66,'eedb7371-0533-4549-844c-75e5c387b11b','C:\Users\migduran\Documents\nuevo ooh\backend\local-images\CORONA\eedb7371-0533-4549-844c-75e5c387b11b_d3d2e8184ad53e32fd4d3c22508f47f6.jpg',1,'2026-01-30 16:48:02'),
 (67,'eedb7371-0533-4549-844c-75e5c387b11b','C:\Users\migduran\Documents\nuevo ooh\backend\local-images\CORONA\eedb7371-0533-4549-844c-75e5c387b11b_a4c23ad06956c23c7ebefb245e43ad4c.jpg',2,'2026-01-30 16:48:02'),
 (68,'eedb7371-0533-4549-844c-75e5c387b11b','C:\Users\migduran\Documents\nuevo ooh\backend\local-images\CORONA\eedb7371-0533-4549-844c-75e5c387b11b_57a36a60d6bf473e962b276377d56cd4.jpg',3,'2026-01-30 16:48:02'),
 (69,'7a76f694-ca7a-47c3-9f6d-e2f64269923d','C:\Users\migduran\Documents\nuevo ooh\backend\local-images\PILSEN\7a76f694-ca7a-47c3-9f6d-e2f64269923d_8b03a25a1737571c4229ff25c856977a.jpg',1,'2026-01-30 16:48:02'),
 (70,'7a76f694-ca7a-47c3-9f6d-e2f64269923d','C:\Users\migduran\Documents\nuevo ooh\backend\local-images\PILSEN\7a76f694-ca7a-47c3-9f6d-e2f64269923d_8e3f571518efd810270b50ebab622a19.jpg',2,'2026-01-30 16:48:02'),
 (71,'7a76f694-ca7a-47c3-9f6d-e2f64269923d','C:\Users\migduran\Documents\nuevo ooh\backend\local-images\PILSEN\7a76f694-ca7a-47c3-9f6d-e2f64269923d_b83642ac21bd18f7193bf33352fdd1cd.jpg',3,'2026-01-30 16:48:02'),
 (72,'8f5255d7-9a03-4eb4-9582-06232d5488c0','C:\Users\migduran\Documents\nuevo ooh\backend\local-images\AGUILA\8f5255d7-9a03-4eb4-9582-06232d5488c0_e60f9ede7e37b2e6e03214cc3a996a3a.jpg',1,'2026-01-30 16:48:02'),
 (73,'8f5255d7-9a03-4eb4-9582-06232d5488c0','C:\Users\migduran\Documents\nuevo ooh\backend\local-images\AGUILA\8f5255d7-9a03-4eb4-9582-06232d5488c0_6bb929fbb2ae1c7d58109c45a05128b8.jpg',2,'2026-01-30 16:48:02'),
 (74,'8f5255d7-9a03-4eb4-9582-06232d5488c0','C:\Users\migduran\Documents\nuevo ooh\backend\local-images\AGUILA\8f5255d7-9a03-4eb4-9582-06232d5488c0_6ecb9637303bea551322436e5c2c0ee0.jpg',3,'2026-01-30 16:48:02'),
 (78,'3c6a2f0b-3c73-4708-afc1-cb59fcb86a32','C:\Users\migduran\Documents\nuevo ooh\backend\local-images\CORONA\3c6a2f0b-3c73-4708-afc1-cb59fcb86a32_0ba1dda1b72a37ce00f89edb426614b3.jpg',1,'2026-01-30 16:48:03'),
 (79,'3c6a2f0b-3c73-4708-afc1-cb59fcb86a32','C:\Users\migduran\Documents\nuevo ooh\backend\local-images\CORONA\3c6a2f0b-3c73-4708-afc1-cb59fcb86a32_3668587932ff6a126e8d91f57f7386ac.jpg',2,'2026-01-30 16:48:03'),
 (80,'3c6a2f0b-3c73-4708-afc1-cb59fcb86a32','C:\Users\migduran\Documents\nuevo ooh\backend\local-images\CORONA\3c6a2f0b-3c73-4708-afc1-cb59fcb86a32_c221bc673b50f86fb5c18e5b86f30de3.jpg',3,'2026-01-30 16:48:03'),
 (81,'d1658f19-4f86-4ce5-9ceb-19f5c212a109','C:\Users\migduran\Documents\nuevo ooh\backend\local-images\CORONA\d1658f19-4f86-4ce5-9ceb-19f5c212a109_0fdb0e9e28c39442824d26d752c359ea.jpg',1,'2026-01-30 16:48:04'),
 (82,'d1658f19-4f86-4ce5-9ceb-19f5c212a109','C:\Users\migduran\Documents\nuevo ooh\backend\local-images\CORONA\d1658f19-4f86-4ce5-9ceb-19f5c212a109_c7c69750cd286146e4e2f3ad39cf4e0e.jpg',2,'2026-01-30 16:48:04'),
 (83,'d1658f19-4f86-4ce5-9ceb-19f5c212a109','C:\Users\migduran\Documents\nuevo ooh\backend\local-images\CORONA\d1658f19-4f86-4ce5-9ceb-19f5c212a109_41b60d164ee56a07becdc7f2565a0053.jpg',3,'2026-01-30 16:48:04'),
 (84,'fb57e001-e2be-43be-8330-b1c91343c948','C:\Users\migduran\Documents\nuevo ooh\backend\local-images\PILSEN\fb57e001-e2be-43be-8330-b1c91343c948_0fdb0e9e28c39442824d26d752c359ea.jpg',1,'2026-01-30 16:48:04'),
 (85,'fb57e001-e2be-43be-8330-b1c91343c948','C:\Users\migduran\Documents\nuevo ooh\backend\local-images\PILSEN\fb57e001-e2be-43be-8330-b1c91343c948_c7c69750cd286146e4e2f3ad39cf4e0e.jpg',2,'2026-01-30 16:48:04'),
 (86,'fb57e001-e2be-43be-8330-b1c91343c948','C:\Users\migduran\Documents\nuevo ooh\backend\local-images\PILSEN\fb57e001-e2be-43be-8330-b1c91343c948_41b60d164ee56a07becdc7f2565a0053.jpg',3,'2026-01-30 16:48:04'),
 (87,'3223eccb-0858-4b29-b634-35b1eae2121b','C:\Users\migduran\Documents\nuevo ooh\backend\local-images\CORONA\3223eccb-0858-4b29-b634-35b1eae2121b_0fdb0e9e28c39442824d26d752c359ea.jpg',1,'2026-01-30 16:48:04'),
 (88,'3223eccb-0858-4b29-b634-35b1eae2121b','C:\Users\migduran\Documents\nuevo ooh\backend\local-images\CORONA\3223eccb-0858-4b29-b634-35b1eae2121b_c7c69750cd286146e4e2f3ad39cf4e0e.jpg',2,'2026-01-30 16:48:04'),
 (89,'3223eccb-0858-4b29-b634-35b1eae2121b','C:\Users\migduran\Documents\nuevo ooh\backend\local-images\CORONA\3223eccb-0858-4b29-b634-35b1eae2121b_41b60d164ee56a07becdc7f2565a0053.jpg',3,'2026-01-30 16:48:04'),
 (90,'cced82aa-b6a7-4fc9-beab-e1b3cd48cae9','C:\Users\migduran\Documents\nuevo ooh\backend\local-images\AGUILA\cced82aa-b6a7-4fc9-beab-e1b3cd48cae9_f829b914fc47cfc9c0747c119c27cf1b.png',1,'2026-01-30 16:51:56'),
 (91,'cced82aa-b6a7-4fc9-beab-e1b3cd48cae9','C:\Users\migduran\Documents\nuevo ooh\backend\local-images\AGUILA\cced82aa-b6a7-4fc9-beab-e1b3cd48cae9_f829b914fc47cfc9c0747c119c27cf1b.png',2,'2026-01-30 16:51:56'),
 (92,'cced82aa-b6a7-4fc9-beab-e1b3cd48cae9','C:\Users\migduran\Documents\nuevo ooh\backend\local-images\AGUILA\cced82aa-b6a7-4fc9-beab-e1b3cd48cae9_f829b914fc47cfc9c0747c119c27cf1b.png',3,'2026-01-30 16:51:56'),
 (93,'1054c37d-7b8e-4e6c-a48b-0c65bda87a4c','C:\Users\migduran\Documents\nuevo ooh\backend\local-images\PILSEN\1054c37d-7b8e-4e6c-a48b-0c65bda87a4c_f829b914fc47cfc9c0747c119c27cf1b.png',1,'2026-01-30 16:51:56'),
 (94,'1054c37d-7b8e-4e6c-a48b-0c65bda87a4c','C:\Users\migduran\Documents\nuevo ooh\backend\local-images\PILSEN\1054c37d-7b8e-4e6c-a48b-0c65bda87a4c_f829b914fc47cfc9c0747c119c27cf1b.png',2,'2026-01-30 16:51:56'),
 (95,'1054c37d-7b8e-4e6c-a48b-0c65bda87a4c','C:\Users\migduran\Documents\nuevo ooh\backend\local-images\PILSEN\1054c37d-7b8e-4e6c-a48b-0c65bda87a4c_f829b914fc47cfc9c0747c119c27cf1b.png',3,'2026-01-30 16:51:56'),
 (96,'a7236789-0fea-4a65-9fdf-9acb23932dbe','C:\Users\migduran\Documents\nuevo ooh\backend\local-images\BBC\a7236789-0fea-4a65-9fdf-9acb23932dbe_f829b914fc47cfc9c0747c119c27cf1b.png',1,'2026-01-30 16:51:56'),
 (97,'a7236789-0fea-4a65-9fdf-9acb23932dbe','C:\Users\migduran\Documents\nuevo ooh\backend\local-images\BBC\a7236789-0fea-4a65-9fdf-9acb23932dbe_f829b914fc47cfc9c0747c119c27cf1b.png',2,'2026-01-30 16:51:56'),
 (98,'a7236789-0fea-4a65-9fdf-9acb23932dbe','C:\Users\migduran\Documents\nuevo ooh\backend\local-images\BBC\a7236789-0fea-4a65-9fdf-9acb23932dbe_f829b914fc47cfc9c0747c119c27cf1b.png',3,'2026-01-30 16:51:56'),
 (99,'79413840-4594-4eca-8b71-000ae954dcc9','C:\Users\migduran\Documents\nuevo ooh\backend\local-images\CBM\79413840-4594-4eca-8b71-000ae954dcc9_f829b914fc47cfc9c0747c119c27cf1b.png',1,'2026-01-30 16:51:56'),
 (100,'79413840-4594-4eca-8b71-000ae954dcc9','C:\Users\migduran\Documents\nuevo ooh\backend\local-images\CBM\79413840-4594-4eca-8b71-000ae954dcc9_f829b914fc47cfc9c0747c119c27cf1b.png',2,'2026-01-30 16:51:56'),
 (101,'79413840-4594-4eca-8b71-000ae954dcc9','C:\Users\migduran\Documents\nuevo ooh\backend\local-images\CBM\79413840-4594-4eca-8b71-000ae954dcc9_f829b914fc47cfc9c0747c119c27cf1b.png',3,'2026-01-30 16:51:56'),
 (102,'0fd144b3-feb1-4b21-b6b8-ca92f01ab8d2','C:\Users\migduran\Documents\nuevo ooh\backend\local-images\STELLA_ARTOIS\0fd144b3-feb1-4b21-b6b8-ca92f01ab8d2_f829b914fc47cfc9c0747c119c27cf1b.png',1,'2026-01-30 16:51:56'),
 (103,'0fd144b3-feb1-4b21-b6b8-ca92f01ab8d2','C:\Users\migduran\Documents\nuevo ooh\backend\local-images\STELLA_ARTOIS\0fd144b3-feb1-4b21-b6b8-ca92f01ab8d2_f829b914fc47cfc9c0747c119c27cf1b.png',2,'2026-01-30 16:51:56'),
 (104,'0fd144b3-feb1-4b21-b6b8-ca92f01ab8d2','C:\Users\migduran\Documents\nuevo ooh\backend\local-images\STELLA_ARTOIS\0fd144b3-feb1-4b21-b6b8-ca92f01ab8d2_f829b914fc47cfc9c0747c119c27cf1b.png',3,'2026-01-30 16:51:56'),
 (107,'6e91f72e-ebe8-4a34-9b62-43c83aead084','C:\Users\migduran\Documents\nuevo ooh\backend\local-images\PILSEN\6e91f72e-ebe8-4a34-9b62-43c83aead084_d661df17fd90946de088f9a45f0c98d0.svg',1,'2026-01-30 16:52:06'),
 (108,'6e91f72e-ebe8-4a34-9b62-43c83aead084','C:\Users\migduran\Documents\nuevo ooh\backend\local-images\PILSEN\6e91f72e-ebe8-4a34-9b62-43c83aead084_6be332bc89987bee51691f6b5416b2bb.svg',2,'2026-01-30 16:52:06'),
 (109,'6e91f72e-ebe8-4a34-9b62-43c83aead084','C:\Users\migduran\Documents\nuevo ooh\backend\local-images\PILSEN\6e91f72e-ebe8-4a34-9b62-43c83aead084_326fc7c84edb944924c4b0a2162cbc59.svg',3,'2026-01-30 16:52:06'),
 (110,'229d7e6d-bf02-4ca2-b983-de61415a52b2','C:\Users\migduran\Documents\nuevo ooh\backend\local-images\CORONA\229d7e6d-bf02-4ca2-b983-de61415a52b2_e709c9142be4b94bab670a84ea3081bb.svg',1,'2026-01-30 16:52:09'),
 (111,'229d7e6d-bf02-4ca2-b983-de61415a52b2','C:\Users\migduran\Documents\nuevo ooh\backend\local-images\CORONA\229d7e6d-bf02-4ca2-b983-de61415a52b2_e6860a3f1e6c70e5d681eb0dafc270b6.svg',2,'2026-01-30 16:52:09'),
 (112,'0152c5b1-2a2f-4b7f-a0bf-ef7b150b71f2','C:\Users\migduran\Documents\nuevo ooh\backend\local-images\CORONA\0152c5b1-2a2f-4b7f-a0bf-ef7b150b71f2_f829b914fc47cfc9c0747c119c27cf1b.png',1,'2026-01-30 16:52:13'),
 (113,'0152c5b1-2a2f-4b7f-a0bf-ef7b150b71f2','C:\Users\migduran\Documents\nuevo ooh\backend\local-images\CORONA\0152c5b1-2a2f-4b7f-a0bf-ef7b150b71f2_f829b914fc47cfc9c0747c119c27cf1b.png',2,'2026-01-30 16:52:13'),
 (114,'0152c5b1-2a2f-4b7f-a0bf-ef7b150b71f2','C:\Users\migduran\Documents\nuevo ooh\backend\local-images\CORONA\0152c5b1-2a2f-4b7f-a0bf-ef7b150b71f2_f829b914fc47cfc9c0747c119c27cf1b.png',3,'2026-01-30 16:52:13'),
 (115,'e0d58175-d360-45a0-acc7-868b6443ce30','C:\Users\migduran\Documents\nuevo ooh\backend\local-images\CBM\e0d58175-d360-45a0-acc7-868b6443ce30_f829b914fc47cfc9c0747c119c27cf1b.png',1,'2026-01-30 16:52:13'),
 (116,'e0d58175-d360-45a0-acc7-868b6443ce30','C:\Users\migduran\Documents\nuevo ooh\backend\local-images\CBM\e0d58175-d360-45a0-acc7-868b6443ce30_f829b914fc47cfc9c0747c119c27cf1b.png',2,'2026-01-30 16:52:13'),
 (117,'e0d58175-d360-45a0-acc7-868b6443ce30','C:\Users\migduran\Documents\nuevo ooh\backend\local-images\CBM\e0d58175-d360-45a0-acc7-868b6443ce30_f829b914fc47cfc9c0747c119c27cf1b.png',3,'2026-01-30 16:52:13'),
 (118,'a24f4958-6d17-4a44-b2ab-20cd8b4e4894','C:\Users\migduran\Documents\nuevo ooh\backend\local-images\STELLA_ARTOIS\a24f4958-6d17-4a44-b2ab-20cd8b4e4894_f829b914fc47cfc9c0747c119c27cf1b.png',1,'2026-01-30 16:52:13'),
 (119,'a24f4958-6d17-4a44-b2ab-20cd8b4e4894','C:\Users\migduran\Documents\nuevo ooh\backend\local-images\STELLA_ARTOIS\a24f4958-6d17-4a44-b2ab-20cd8b4e4894_f829b914fc47cfc9c0747c119c27cf1b.png',2,'2026-01-30 16:52:13'),
 (120,'a24f4958-6d17-4a44-b2ab-20cd8b4e4894','C:\Users\migduran\Documents\nuevo ooh\backend\local-images\STELLA_ARTOIS\a24f4958-6d17-4a44-b2ab-20cd8b4e4894_f829b914fc47cfc9c0747c119c27cf1b.png',3,'2026-01-30 16:52:13'),
 (121,'a737a211-b50d-4940-b7ab-552b3807910c','C:\Users\migduran\Documents\nuevo ooh\backend\local-images\POKER\a737a211-b50d-4940-b7ab-552b3807910c_f829b914fc47cfc9c0747c119c27cf1b.png',1,'2026-01-30 16:52:13'),
 (122,'a737a211-b50d-4940-b7ab-552b3807910c','C:\Users\migduran\Documents\nuevo ooh\backend\local-images\POKER\a737a211-b50d-4940-b7ab-552b3807910c_f829b914fc47cfc9c0747c119c27cf1b.png',2,'2026-01-30 16:52:13'),
 (123,'a737a211-b50d-4940-b7ab-552b3807910c','C:\Users\migduran\Documents\nuevo ooh\backend\local-images\POKER\a737a211-b50d-4940-b7ab-552b3807910c_f829b914fc47cfc9c0747c119c27cf1b.png',3,'2026-01-30 16:52:13'),
 (124,'e6add7c6-c857-429d-a0d5-f03b9f690430','C:\Users\migduran\Documents\nuevo ooh\backend\local-images\CLUB_COLOMBIA\e6add7c6-c857-429d-a0d5-f03b9f690430_f829b914fc47cfc9c0747c119c27cf1b.png',1,'2026-01-30 16:52:13'),
 (125,'e6add7c6-c857-429d-a0d5-f03b9f690430','C:\Users\migduran\Documents\nuevo ooh\backend\local-images\CLUB_COLOMBIA\e6add7c6-c857-429d-a0d5-f03b9f690430_f829b914fc47cfc9c0747c119c27cf1b.png',2,'2026-01-30 16:52:13'),
 (126,'e6add7c6-c857-429d-a0d5-f03b9f690430','C:\Users\migduran\Documents\nuevo ooh\backend\local-images\CLUB_COLOMBIA\e6add7c6-c857-429d-a0d5-f03b9f690430_f829b914fc47cfc9c0747c119c27cf1b.png',3,'2026-01-30 16:52:13'),
 (127,'042515ea-bc1f-4f13-9bc7-d120889a2660','C:\Users\migduran\Documents\nuevo ooh\backend\local-images\CORONA\042515ea-bc1f-4f13-9bc7-d120889a2660_d3d2e8184ad53e32fd4d3c22508f47f6.jpg',1,'2026-01-30 16:52:14'),
 (128,'042515ea-bc1f-4f13-9bc7-d120889a2660','C:\Users\migduran\Documents\nuevo ooh\backend\local-images\CORONA\042515ea-bc1f-4f13-9bc7-d120889a2660_a4c23ad06956c23c7ebefb245e43ad4c.jpg',2,'2026-01-30 16:52:14'),
 (129,'042515ea-bc1f-4f13-9bc7-d120889a2660','C:\Users\migduran\Documents\nuevo ooh\backend\local-images\CORONA\042515ea-bc1f-4f13-9bc7-d120889a2660_57a36a60d6bf473e962b276377d56cd4.jpg',3,'2026-01-30 16:52:14'),
 (130,'c09d10b8-9f23-4028-a55b-d5b3d8ea8aef','C:\Users\migduran\Documents\nuevo ooh\backend\local-images\PILSEN\c09d10b8-9f23-4028-a55b-d5b3d8ea8aef_8b03a25a1737571c4229ff25c856977a.jpg',1,'2026-01-30 16:52:14'),
 (131,'c09d10b8-9f23-4028-a55b-d5b3d8ea8aef','C:\Users\migduran\Documents\nuevo ooh\backend\local-images\PILSEN\c09d10b8-9f23-4028-a55b-d5b3d8ea8aef_8e3f571518efd810270b50ebab622a19.jpg',2,'2026-01-30 16:52:14'),
 (132,'c09d10b8-9f23-4028-a55b-d5b3d8ea8aef','C:\Users\migduran\Documents\nuevo ooh\backend\local-images\PILSEN\c09d10b8-9f23-4028-a55b-d5b3d8ea8aef_b83642ac21bd18f7193bf33352fdd1cd.jpg',3,'2026-01-30 16:52:14'),
 (133,'9881e8ac-8a27-40ea-b387-c07755a1c256','C:\Users\migduran\Documents\nuevo ooh\backend\local-images\AGUILA\9881e8ac-8a27-40ea-b387-c07755a1c256_e60f9ede7e37b2e6e03214cc3a996a3a.jpg',1,'2026-01-30 16:52:14'),
 (134,'9881e8ac-8a27-40ea-b387-c07755a1c256','C:\Users\migduran\Documents\nuevo ooh\backend\local-images\AGUILA\9881e8ac-8a27-40ea-b387-c07755a1c256_6bb929fbb2ae1c7d58109c45a05128b8.jpg',2,'2026-01-30 16:52:14'),
 (135,'9881e8ac-8a27-40ea-b387-c07755a1c256','C:\Users\migduran\Documents\nuevo ooh\backend\local-images\AGUILA\9881e8ac-8a27-40ea-b387-c07755a1c256_6ecb9637303bea551322436e5c2c0ee0.jpg',3,'2026-01-30 16:52:14'),
 (136,'77af95ca-815a-4a17-8a54-02007e5b09a8','C:\Users\migduran\Documents\nuevo ooh\backend\local-images\CORONA\77af95ca-815a-4a17-8a54-02007e5b09a8_0fdb0e9e28c39442824d26d752c359ea.jpg',1,'2026-01-30 16:52:23'),
 (137,'77af95ca-815a-4a17-8a54-02007e5b09a8','C:\Users\migduran\Documents\nuevo ooh\backend\local-images\CORONA\77af95ca-815a-4a17-8a54-02007e5b09a8_c7c69750cd286146e4e2f3ad39cf4e0e.jpg',2,'2026-01-30 16:52:23'),
 (138,'77af95ca-815a-4a17-8a54-02007e5b09a8','C:\Users\migduran\Documents\nuevo ooh\backend\local-images\CORONA\77af95ca-815a-4a17-8a54-02007e5b09a8_41b60d164ee56a07becdc7f2565a0053.jpg',3,'2026-01-30 16:52:23'),
 (139,'1297fe5b-521d-4da1-bea9-8b566563b6d3','C:\Users\migduran\Documents\nuevo ooh\backend\local-images\PILSEN\1297fe5b-521d-4da1-bea9-8b566563b6d3_0fdb0e9e28c39442824d26d752c359ea.jpg',1,'2026-01-30 16:52:23'),
 (140,'1297fe5b-521d-4da1-bea9-8b566563b6d3','C:\Users\migduran\Documents\nuevo ooh\backend\local-images\PILSEN\1297fe5b-521d-4da1-bea9-8b566563b6d3_c7c69750cd286146e4e2f3ad39cf4e0e.jpg',2,'2026-01-30 16:52:23'),
 (141,'1297fe5b-521d-4da1-bea9-8b566563b6d3','C:\Users\migduran\Documents\nuevo ooh\backend\local-images\PILSEN\1297fe5b-521d-4da1-bea9-8b566563b6d3_41b60d164ee56a07becdc7f2565a0053.jpg',3,'2026-01-30 16:52:23'),
 (142,'9f156697-cf8b-4817-90bf-dc83dc31d565','C:\Users\migduran\Documents\nuevo ooh\backend\local-images\CORONA\9f156697-cf8b-4817-90bf-dc83dc31d565_0fdb0e9e28c39442824d26d752c359ea.jpg',1,'2026-01-30 16:52:23'),
 (143,'9f156697-cf8b-4817-90bf-dc83dc31d565','C:\Users\migduran\Documents\nuevo ooh\backend\local-images\CORONA\9f156697-cf8b-4817-90bf-dc83dc31d565_c7c69750cd286146e4e2f3ad39cf4e0e.jpg',2,'2026-01-30 16:52:23'),
 (144,'9f156697-cf8b-4817-90bf-dc83dc31d565','C:\Users\migduran\Documents\nuevo ooh\backend\local-images\CORONA\9f156697-cf8b-4817-90bf-dc83dc31d565_41b60d164ee56a07becdc7f2565a0053.jpg',3,'2026-01-30 16:52:23'),
 (148,'13040cde-4128-403a-a3d8-3bf714b7fbe9','C:\Users\migduran\Documents\nuevo ooh\backend\local-images\CORONA\13040cde-4128-403a-a3d8-3bf714b7fbe9_0ba1dda1b72a37ce00f89edb426614b3.jpg',1,'2026-01-30 16:52:23'),
 (149,'13040cde-4128-403a-a3d8-3bf714b7fbe9','C:\Users\migduran\Documents\nuevo ooh\backend\local-images\CORONA\13040cde-4128-403a-a3d8-3bf714b7fbe9_3668587932ff6a126e8d91f57f7386ac.jpg',2,'2026-01-30 16:52:23'),
 (150,'13040cde-4128-403a-a3d8-3bf714b7fbe9','C:\Users\migduran\Documents\nuevo ooh\backend\local-images\CORONA\13040cde-4128-403a-a3d8-3bf714b7fbe9_c221bc673b50f86fb5c18e5b86f30de3.jpg',3,'2026-01-30 16:52:23');
INSERT INTO "ooh_records" ("id","brand_id","campaign_id","ooh_type_id","address_id","provider_id","fecha_inicio","fecha_final","created_at","updated_at") VALUES ('0b34f69f-0e4d-4ae5-a520-64e30a317ce5',4,3,1,1769787249049,1,'2026-01-01','2026-01-31','2026-01-30 15:34:09','2026-01-30 15:34:09'),
 ('64e07d28-0929-4ade-a740-7c37b97cf5d4',4,3,1,1769787249049,1,'2026-01-01','2026-01-31','2026-01-30 15:34:23','2026-01-30 15:34:23'),
 ('b034227c-9b90-4b6c-880c-9bc513bcf169',4,3,1,1769787249049,1,'2026-01-01','2026-01-31','2026-01-30 15:35:08','2026-01-30 15:35:08'),
 ('842bfe69-2f2a-415e-8d0c-632408da4811',4,3,1,1769787249049,1,'2026-01-01','2026-01-31','2026-01-30 15:35:51','2026-01-30 15:35:51'),
 ('cc383414-8dc6-497a-8003-e7af7ae5e956',4,3,1,1769787666973,1,'2026-01-15','2026-03-15','2026-01-30 15:41:06','2026-01-30 15:41:06'),
 ('e8f0e506-b2e8-4165-be1a-66eed6c892c1',6,215,1,1769787667422,1,'2026-01-15','2026-03-15','2026-01-30 15:41:07','2026-01-30 15:41:07'),
 ('193bdb6b-92c6-4273-9b74-9bda4cfdb450',4,3,1,1769787667717,1,'2026-01-15','2026-03-15','2026-01-30 15:41:07','2026-01-30 15:41:07'),
 ('38eb7524-6d41-4836-b40f-aa6b79deb3fa',4,3,1,1769787666973,1,'2026-01-15','2026-03-15','2026-01-30 15:41:35','2026-01-30 15:41:35'),
 ('7827bd80-a1bd-4cee-bfa7-fa53cbaa7971',6,215,1,1769787667422,1,'2026-01-15','2026-03-15','2026-01-30 15:41:35','2026-01-30 15:41:35'),
 ('39bbf162-662b-4db4-8b8c-5d4ca4e24056',4,3,1,1769787667717,1,'2026-01-15','2026-03-15','2026-01-30 15:41:36','2026-01-30 15:41:36'),
 ('0cde3b6c-6b70-4f81-8a57-2b9c9d5ecddb',4,140,1,1769789934421,1,'2026-02-01','2026-02-28','2026-01-30 16:18:54','2026-01-30 16:18:54'),
 ('2edad4d9-d3f7-431a-9a1e-c386550f9ccf',6,261,8,1769789934509,2,'2026-02-10','2026-03-10','2026-01-30 16:18:54','2026-01-30 16:18:54'),
 ('2b46b115-6009-42a7-a8ce-afae25987cb0',9,30,2,1769791150887,1,'2026-03-01','2026-03-31','2026-01-30 16:39:10','2026-01-30 16:39:10'),
 ('73afefed-1b30-4ce5-8e99-be8a30a3a59d',8,8,4,1769791151089,1,'2026-04-01','2026-04-30','2026-01-30 16:39:11','2026-01-30 16:39:11'),
 ('eb97373c-0e4f-460d-b6d2-66883abcd2ab',9,30,2,1769791150887,1,'2026-03-01','2026-03-31','2026-01-30 16:39:11','2026-01-30 16:39:11'),
 ('3c6a2f0b-3c73-4708-afc1-cb59fcb86a32',4,3,1,1769791683721,1,'2026-01-01','2026-01-31','2026-01-30 16:48:03','2026-01-30 16:48:03'),
 ('d1658f19-4f86-4ce5-9ceb-19f5c212a109',4,3,1,1769791684226,1,'2026-01-15','2026-03-15','2026-01-30 16:48:04','2026-01-30 16:48:04'),
 ('fb57e001-e2be-43be-8330-b1c91343c948',6,215,1,1769787667422,1,'2026-01-15','2026-03-15','2026-01-30 16:48:04','2026-01-30 16:48:04'),
 ('3223eccb-0858-4b29-b634-35b1eae2121b',4,3,1,1769791684373,1,'2026-01-15','2026-03-15','2026-01-30 16:48:04','2026-01-30 16:48:04'),
 ('cced82aa-b6a7-4fc9-beab-e1b3cd48cae9',1,1,1,1769791916662,3,'2026-03-15','2026-03-31','2026-01-30 16:51:56','2026-01-30 16:51:56'),
 ('1054c37d-7b8e-4e6c-a48b-0c65bda87a4c',6,215,5,1769791916718,2,'2026-03-15','2026-03-31','2026-01-30 16:51:56','2026-01-30 16:51:56'),
 ('a7236789-0fea-4a65-9fdf-9acb23932dbe',2,26,3,1769791916774,1,'2026-03-15','2026-03-31','2026-01-30 16:51:56','2026-01-30 16:51:56'),
 ('79413840-4594-4eca-8b71-000ae954dcc9',13,328,7,1769791916832,3,'2026-03-15','2026-03-31','2026-01-30 16:51:56','2026-01-30 16:51:56'),
 ('0fd144b3-feb1-4b21-b6b8-ca92f01ab8d2',9,30,8,1769791916877,2,'2026-03-15','2026-03-31','2026-01-30 16:51:56','2026-01-30 16:51:56'),
 ('229d7e6d-bf02-4ca2-b983-de61415a52b2',4,140,7,1769791926461,2,'2026-02-01','2026-03-15','2026-01-30 16:52:06','2026-01-30 16:52:09'),
 ('6e91f72e-ebe8-4a34-9b62-43c83aead084',6,261,7,1769791926520,2,'2026-02-10','2026-03-10','2026-01-30 16:52:06','2026-01-30 16:52:06'),
 ('77af95ca-815a-4a17-8a54-02007e5b09a8',4,3,1,1769791684226,1,'2026-01-15','2026-03-15','2026-01-30 16:52:23','2026-01-30 16:52:23'),
 ('1297fe5b-521d-4da1-bea9-8b566563b6d3',6,215,1,1769787667422,1,'2026-01-15','2026-03-15','2026-01-30 16:52:23','2026-01-30 16:52:23'),
 ('9f156697-cf8b-4817-90bf-dc83dc31d565',4,3,1,1769791684373,1,'2026-01-15','2026-03-15','2026-01-30 16:52:23','2026-01-30 16:52:23'),
 ('13040cde-4128-403a-a3d8-3bf714b7fbe9',4,3,1,1769791683721,1,'2026-01-01','2026-01-31','2026-01-30 16:52:23','2026-01-30 16:52:23');
INSERT INTO "ooh_types" ("id","nombre","created_at") VALUES (1,'VALLA','2026-01-29 04:16:10'),
 (2,'POSTER','2026-01-29 04:16:10'),
 (3,'PISO','2026-01-29 04:16:10'),
 (4,'FASCIA','2026-01-29 04:16:10'),
 (5,'DIGITAL','2026-01-29 04:16:10'),
 (7,'VALLA DIGITAL','2026-01-29 04:16:19'),
 (8,'MUPPY','2026-01-29 04:16:19');
INSERT INTO "providers" ("id","nombre","created_at") VALUES (1,'APX','2026-01-29 04:16:10'),
 (2,'MEDIA TOTAL','2026-01-29 04:16:10'),
 (3,'PUBLICIDAD','2026-01-29 04:16:10');
INSERT INTO "regions" ("id","nombre","created_at") VALUES (1,'CO Norte','2026-01-29 04:16:10'),
 (2,'CO Centro','2026-01-29 04:16:10'),
 (3,'CO Andes','2026-01-29 04:16:10'),
 (4,'CO Sur','2026-01-29 04:16:10');
COMMIT;
